llmModel,iteration,finalScore
qwen2.5:3b,0,100
qwen2.5:3b,1,100
qwen2.5:3b,2,75
qwen2.5:3b,3,30
qwen2.5:3b,4,21
qwen2.5:3b,5,17
qwen2.5:3b,6,23
qwen2.5:3b,7,100
qwen2.5:3b,8,70
qwen2.5:3b,9,100
qwen2.5:3b,10,89
qwen2.5:3b,11,16
qwen2.5:3b,12,100
qwen2.5:3b,13,87
qwen2.5:3b,14,60
qwen2.5:3b,15,87
qwen2.5:3b,16,70
qwen2.5:3b,17,87
qwen2.5:3b,18,20
qwen2.5:3b,19,37
qwen2.5:3b,20,37
qwen2.5:3b,21,47
qwen2.5:3b,22,37
qwen2.5:3b,23,20
qwen2.5:3b,24,20
qwen2.5:3b,25,37
qwen2.5:3b,26,30
qwen2.5:3b,27,60
qwen2.5:3b,28,42
qwen2.5:3b,29,40
qwen2.5:3b,30,87
qwen2.5:3b,31,75
qwen2.5:3b,32,87
qwen2.5:3b,33,100
qwen2.5:3b,34,70
qwen2.5:3b,35,47
qwen2.5:3b,36,84
qwen2.5:3b,37,70
qwen2.5:3b,38,80
qwen2.5:3b,39,100
qwen2.5:3b,40,37
qwen2.5:3b,41,37
qwen2.5:3b,42,19
qwen2.5:3b,43,100
qwen2.5:3b,44,100
qwen2.5:3b,45,100
qwen2.5:3b,46,24
qwen2.5:3b,47,100
qwen2.5:3b,48,27
qwen2.5:3b,49,40
qwen2.5:3b,50,85
qwen2.5:3b,51,45
qwen2.5:3b,52,100
qwen2.5:3b,53,100
qwen2.5:3b,54,100
qwen2.5:3b,55,100
qwen2.5:3b,56,20
qwen2.5:3b,57,70
qwen2.5:3b,58,100
qwen2.5:3b,59,100
qwen2.5:3b,60,90
qwen2.5:3b,61,17
qwen2.5:3b,62,14
qwen2.5:3b,63,100
qwen2.5:3b,64,83
qwen2.5:3b,65,15
qwen2.5:3b,66,80
qwen2.5:3b,67,50
qwen2.5:3b,68,30
qwen2.5:3b,69,80
qwen2.5:3b,70,100
qwen2.5:3b,71,50
qwen2.5:3b,72,0
qwen2.5:3b,73,37
qwen2.5:3b,74,67
qwen2.5:3b,75,60
qwen2.5:3b,76,100
qwen2.5:3b,77,20
qwen2.5:3b,78,16
qwen2.5:3b,79,100
qwen2.5:3b,80,87
qwen2.5:3b,81,80
qwen2.5:3b,82,100
qwen2.5:3b,83,21
qwen2.5:3b,84,30
qwen2.5:3b,85,20
qwen2.5:3b,86,100
qwen2.5:3b,87,27
qwen2.5:3b,88,37
qwen2.5:3b,89,70
qwen2.5:3b,90,16
qwen2.5:3b,91,100
qwen2.5:3b,92,0
qwen2.5:3b,93,70
qwen2.5:3b,94,90
qwen2.5:3b,95,100
qwen2.5:3b,96,100
qwen2.5:3b,97,100
qwen2.5:3b,98,57
qwen2.5:3b,99,70
qwen2.5:3b,100,40
qwen2.5:3b,101,89
qwen2.5:3b,102,70
qwen2.5:3b,103,67
qwen2.5:3b,104,37
qwen2.5:3b,105,37
qwen2.5:3b,106,70
qwen2.5:3b,107,100
qwen2.5:3b,108,100
qwen2.5:3b,109,82
qwen2.5:3b,110,57
qwen2.5:3b,111,50
qwen2.5:3b,112,30
qwen2.5:3b,113,10
qwen2.5:3b,114,50
qwen2.5:3b,115,20
qwen2.5:3b,116,100
qwen2.5:3b,117,100
qwen2.5:3b,118,81
qwen2.5:3b,119,100
qwen2.5:3b,120,100
qwen2.5:3b,121,100
qwen2.5:3b,122,100
qwen2.5:3b,123,87
qwen2.5:3b,124,100
qwen2.5:3b,125,16
qwen2.5:3b,126,100
qwen2.5:3b,127,21
qwen2.5:3b,128,30
qwen2.5:3b,129,16
qwen2.5:3b,130,1
qwen2.5:3b,131,100
qwen2.5:3b,132,85
qwen2.5:3b,133,90
qwen2.5:3b,134,100
qwen2.5:3b,135,16
qwen2.5:3b,136,16
qwen2.5:3b,137,100
qwen2.5:3b,138,77
qwen2.5:3b,139,87
qwen2.5:3b,140,32
qwen2.5:3b,141,14
qwen2.5:3b,142,90
qwen2.5:3b,143,16
qwen2.5:3b,144,70
qwen2.5:3b,145,47
qwen2.5:3b,146,100
qwen2.5:3b,147,16
qwen2.5:3b,148,23
qwen2.5:3b,149,42
qwen2.5:3b,150,100
qwen2.5:3b,151,100
qwen2.5:3b,152,20
qwen2.5:3b,153,100
qwen2.5:3b,154,75
qwen2.5:3b,155,74
qwen2.5:3b,156,63
qwen2.5:3b,157,27
qwen2.5:3b,158,100
qwen2.5:3b,159,40
qwen2.5:3b,160,100
qwen2.5:3b,161,34
qwen2.5:3b,162,100
qwen2.5:3b,163,30
qwen2.5:3b,164,100
qwen2.5:3b,165,49
qwen2.5:3b,166,75
qwen2.5:3b,167,27
qwen2.5:3b,168,100
qwen2.5:3b,169,80
qwen2.5:3b,170,70
qwen2.5:3b,171,76
qwen2.5:3b,172,37
qwen2.5:3b,173,100
qwen2.5:3b,174,47
qwen2.5:3b,175,14
qwen2.5:3b,176,70
qwen2.5:3b,177,57
qwen2.5:3b,178,100
qwen2.5:3b,179,70
qwen2.5:3b,180,67
qwen2.5:3b,181,90
qwen2.5:3b,182,73
qwen2.5:3b,183,14
qwen2.5:3b,184,100
qwen2.5:3b,185,80
qwen2.5:3b,186,70
qwen2.5:3b,187,40
qwen2.5:3b,188,60
qwen2.5:3b,189,100
qwen2.5:3b,190,40
qwen2.5:3b,191,87
qwen2.5:3b,192,100
qwen2.5:3b,193,87
qwen2.5:3b,194,0
qwen2.5:3b,195,100
qwen2.5:3b,196,100
qwen2.5:3b,197,40
qwen2.5:3b,198,18
qwen2.5:3b,199,90
qwen2.5:3b,200,75
qwen2.5:3b,201,37
qwen2.5:3b,202,100
qwen2.5:3b,203,82
qwen2.5:3b,204,100
qwen2.5:3b,205,100
qwen2.5:3b,206,80
qwen2.5:3b,207,37
qwen2.5:3b,208,15
qwen2.5:3b,209,30
qwen2.5:3b,210,47
qwen2.5:3b,211,13
qwen2.5:3b,212,80
qwen2.5:3b,213,100
qwen2.5:3b,214,87
qwen2.5:3b,215,16
qwen2.5:3b,216,47
qwen2.5:3b,217,100
qwen2.5:3b,218,21
qwen2.5:3b,219,100
qwen2.5:3b,220,30
qwen2.5:3b,221,90
qwen2.5:3b,222,90
qwen2.5:3b,223,90
qwen2.5:3b,224,30
qwen2.5:3b,225,100
qwen2.5:3b,226,100
qwen2.5:3b,227,57
qwen2.5:3b,228,70
qwen2.5:3b,229,27
qwen2.5:3b,230,15
qwen2.5:3b,231,21
qwen2.5:3b,232,100
qwen2.5:3b,233,16
qwen2.5:3b,234,5
qwen2.5:3b,235,20
qwen2.5:3b,236,31
qwen2.5:3b,237,37
qwen2.5:3b,238,85
qwen2.5:3b,239,77
qwen2.5:3b,240,97
qwen2.5:3b,241,100
qwen2.5:3b,242,35
qwen2.5:3b,243,30
qwen2.5:3b,244,100
qwen2.5:3b,245,47
qwen2.5:3b,246,42
qwen2.5:3b,247,85
qwen2.5:3b,248,100
qwen2.5:3b,249,57
qwen2.5:3b,250,84
qwen2.5:3b,251,90
qwen2.5:3b,252,17
qwen2.5:3b,253,21
qwen2.5:3b,254,85
qwen2.5:3b,255,60
qwen2.5:3b,256,60
qwen2.5:3b,257,20
qwen2.5:3b,258,73
qwen2.5:3b,259,100
qwen2.5:3b,260,50
qwen2.5:3b,261,27
qwen2.5:3b,262,100
qwen2.5:3b,263,27
qwen2.5:3b,264,80
qwen2.5:3b,265,47
qwen2.5:3b,266,100
qwen2.5:3b,267,20
qwen2.5:3b,268,21
qwen2.5:3b,269,21
qwen2.5:3b,270,16
qwen2.5:3b,271,50
qwen2.5:3b,272,13
qwen2.5:3b,273,3
qwen2.5:3b,274,30
qwen2.5:3b,275,77
qwen2.5:3b,276,15
qwen2.5:3b,277,98
qwen2.5:3b,278,100
qwen2.5:3b,279,14
qwen2.5:3b,280,14
qwen2.5:3b,281,96
qwen2.5:3b,282,70
qwen2.5:3b,283,100
qwen2.5:3b,284,21
qwen2.5:3b,285,100
qwen2.5:3b,286,87
qwen2.5:3b,287,90
qwen2.5:3b,288,37
qwen2.5:3b,289,87
qwen2.5:3b,290,55
qwen2.5:3b,291,64
qwen2.5:3b,292,80
qwen2.5:3b,293,47
qwen2.5:3b,294,90
qwen2.5:3b,295,100
qwen2.5:3b,296,70
qwen2.5:3b,297,70
qwen2.5:3b,298,85
qwen2.5:3b,299,86
qwen2.5:3b,300,67
qwen2.5:3b,301,47
qwen2.5:3b,302,91
qwen2.5:3b,303,84
qwen2.5:3b,304,70
qwen2.5:3b,305,47
qwen2.5:3b,306,27
qwen2.5:3b,307,30
qwen2.5:3b,308,100
qwen2.5:3b,309,10
qwen2.5:3b,310,100
qwen2.5:3b,311,75
qwen2.5:3b,312,80
qwen2.5:3b,313,50
qwen2.5:3b,314,47
qwen2.5:3b,315,30
qwen2.5:3b,316,20
qwen2.5:3b,317,100
qwen2.5:3b,318,100
qwen2.5:3b,319,30
qwen2.5:3b,320,42
qwen2.5:3b,321,70
qwen2.5:3b,322,89
qwen2.5:3b,323,70
qwen2.5:3b,324,70
qwen2.5:3b,325,30
qwen2.5:3b,326,100
qwen2.5:3b,327,100
qwen2.5:3b,328,100
qwen2.5:3b,329,47
qwen2.5:3b,330,100
qwen2.5:3b,331,100
qwen2.5:3b,332,40
qwen2.5:3b,333,100
qwen2.5:3b,334,100
qwen2.5:3b,335,84
qwen2.5:3b,336,30
qwen2.5:3b,337,100
qwen2.5:3b,338,15
qwen2.5:3b,339,80
qwen2.5:3b,340,100
qwen2.5:3b,341,70
qwen2.5:3b,342,70
qwen2.5:3b,343,20
qwen2.5:3b,344,21
qwen2.5:3b,345,15
qwen2.5:3b,346,24
qwen2.5:3b,347,100
qwen2.5:3b,348,21
qwen2.5:3b,349,47
qwen2.5:3b,350,87
qwen2.5:3b,351,80
qwen2.5:3b,352,70
qwen2.5:3b,353,37
qwen2.5:3b,354,91
qwen2.5:3b,355,100
qwen2.5:3b,356,70
qwen2.5:3b,357,30
qwen2.5:3b,358,27
qwen2.5:3b,359,37
qwen2.5:3b,360,21
qwen2.5:3b,361,47
qwen2.5:3b,362,100
qwen2.5:3b,363,40
qwen2.5:3b,364,100
qwen2.5:3b,365,16
qwen2.5:3b,366,100
qwen2.5:3b,367,49
qwen2.5:3b,368,100
qwen2.5:3b,369,14
qwen2.5:3b,370,20
qwen2.5:3b,371,37
qwen2.5:3b,372,47
qwen2.5:3b,373,47
qwen2.5:3b,374,80
qwen2.5:3b,375,70
qwen2.5:3b,376,27
qwen2.5:3b,377,29
qwen2.5:3b,378,30
qwen2.5:3b,379,100
qwen2.5:3b,380,100
qwen2.5:3b,381,100
qwen2.5:3b,382,42
qwen2.5:3b,383,14
qwen2.5:3b,384,47
qwen2.5:3b,385,15
qwen2.5:3b,386,47
qwen2.5:3b,387,45
qwen2.5:3b,388,70
qwen2.5:3b,389,57
qwen2.5:3b,390,47
qwen2.5:3b,391,25
qwen2.5:3b,392,18
qwen2.5:3b,393,52
qwen2.5:3b,394,100
qwen2.5:3b,395,100
qwen2.5:3b,396,70
qwen2.5:3b,397,100
qwen2.5:3b,398,91
qwen2.5:3b,399,80
qwen2.5:3b,400,82
qwen2.5:3b,401,70
qwen2.5:3b,402,100
qwen2.5:3b,403,57
qwen2.5:3b,404,100
qwen2.5:3b,405,100
qwen2.5:3b,406,37
qwen2.5:3b,407,80
qwen2.5:3b,408,21
qwen2.5:3b,409,80
qwen2.5:3b,410,2
qwen2.5:3b,411,90
qwen2.5:3b,412,100
qwen2.5:3b,413,37
qwen2.5:3b,414,27
qwen2.5:3b,415,0
qwen2.5:3b,416,20
qwen2.5:3b,417,16
qwen2.5:3b,418,70
qwen2.5:3b,419,47
qwen2.5:3b,420,37
qwen2.5:3b,421,100
qwen2.5:3b,422,100
qwen2.5:3b,423,100
qwen2.5:3b,424,16
qwen2.5:3b,425,100
qwen2.5:3b,426,100
qwen2.5:3b,427,40
qwen2.5:3b,428,70
qwen2.5:3b,429,100
qwen2.5:3b,430,47
qwen2.5:3b,431,53
qwen2.5:3b,432,50
qwen2.5:3b,433,37
qwen2.5:3b,434,13
qwen2.5:3b,435,27
qwen2.5:3b,436,85
qwen2.5:3b,437,93
qwen2.5:3b,438,37
qwen2.5:3b,439,90
qwen2.5:3b,440,57
qwen2.5:3b,441,28
qwen2.5:3b,442,80
qwen2.5:3b,443,100
qwen2.5:3b,444,92
qwen2.5:3b,445,20
qwen2.5:3b,446,10
qwen2.5:3b,447,70
qwen2.5:3b,448,17
qwen2.5:3b,449,60
qwen2.5:3b,450,62
qwen2.5:3b,451,100
qwen2.5:3b,452,90
qwen2.5:3b,453,14
qwen2.5:3b,454,87
qwen2.5:3b,455,25
qwen2.5:3b,456,84
qwen2.5:3b,457,30
qwen2.5:3b,458,100
qwen2.5:3b,459,27
qwen2.5:3b,460,14
qwen2.5:3b,461,80
qwen2.5:3b,462,100
qwen2.5:3b,463,80
qwen2.5:3b,464,87
qwen2.5:3b,465,87
qwen2.5:3b,466,70
qwen2.5:3b,467,100
qwen2.5:3b,468,72
qwen2.5:3b,469,100
qwen2.5:3b,470,40
qwen2.5:3b,471,47
qwen2.5:3b,472,80
qwen2.5:3b,473,50
qwen2.5:3b,474,100
qwen2.5:3b,475,80
qwen2.5:3b,476,47
qwen2.5:3b,477,47
qwen2.5:3b,478,100
qwen2.5:3b,479,100
qwen2.5:3b,480,37
qwen2.5:3b,481,70
qwen2.5:3b,482,100
qwen2.5:3b,483,100
qwen2.5:3b,484,80
qwen2.5:3b,485,47
qwen2.5:3b,486,100
qwen2.5:3b,487,57
qwen2.5:3b,488,47
qwen2.5:3b,489,100
qwen2.5:3b,490,47
qwen2.5:3b,491,40
qwen2.5:3b,492,87
qwen2.5:3b,493,57
qwen2.5:3b,494,37
qwen2.5:3b,495,37
qwen2.5:3b,496,100
qwen2.5:3b,497,50
qwen2.5:3b,498,47
qwen2.5:3b,499,70
qwen2.5:3b,500,100
qwen2.5:3b,501,21
qwen2.5:3b,502,90
qwen2.5:3b,503,30
qwen2.5:3b,504,63
qwen2.5:3b,505,30
qwen2.5:3b,506,14
qwen2.5:3b,507,30
qwen2.5:3b,508,100
qwen2.5:3b,509,53
qwen2.5:3b,510,70
qwen2.5:3b,511,70
qwen2.5:3b,512,87
qwen2.5:3b,513,90
qwen2.5:3b,514,17
qwen2.5:3b,515,90
qwen2.5:3b,516,90
qwen2.5:3b,517,80
qwen2.5:3b,518,15
qwen2.5:3b,519,80
qwen2.5:3b,520,20
qwen2.5:3b,521,100
qwen2.5:3b,522,100
qwen2.5:3b,523,100
qwen2.5:3b,524,50
qwen2.5:3b,525,20
qwen2.5:3b,526,80
qwen2.5:3b,527,70
qwen2.5:3b,528,10
qwen2.5:3b,529,100
qwen2.5:3b,530,30
qwen2.5:3b,531,30
qwen2.5:3b,532,20
qwen2.5:3b,533,17
qwen2.5:3b,534,21
qwen2.5:3b,535,70
qwen2.5:3b,536,10
qwen2.5:3b,537,100
qwen2.5:3b,538,30
qwen2.5:3b,539,30
qwen2.5:3b,540,30
qwen2.5:3b,541,60
qwen2.5:3b,542,80
qwen2.5:3b,543,80
qwen2.5:3b,544,40
qwen2.5:3b,545,10
qwen2.5:3b,546,14
qwen2.5:3b,547,16
qwen2.5:3b,548,100
qwen2.5:3b,549,47
qwen2.5:3b,550,50
qwen2.5:3b,551,50
qwen2.5:3b,552,100
qwen2.5:3b,553,15
qwen2.5:3b,554,10
qwen2.5:3b,555,30
qwen2.5:3b,556,10
qwen2.5:3b,557,27
qwen2.5:3b,558,20
qwen2.5:3b,559,20
qwen2.5:3b,560,15
qwen2.5:3b,561,23
qwen2.5:3b,562,30
qwen2.5:3b,563,100
qwen2.5:3b,564,100
qwen2.5:3b,565,83
qwen2.5:3b,566,17
qwen2.5:3b,567,100
qwen2.5:3b,568,100
qwen2.5:3b,569,100
qwen2.5:3b,570,15
qwen2.5:3b,571,37
qwen2.5:3b,572,70
qwen2.5:3b,573,30
qwen2.5:3b,574,27
qwen2.5:3b,575,100
qwen2.5:3b,576,78
qwen2.5:3b,577,47
qwen2.5:3b,578,13
qwen2.5:3b,579,70
qwen2.5:3b,580,100
qwen2.5:3b,581,80
qwen2.5:3b,582,70
qwen2.5:3b,583,18
qwen2.5:3b,584,100
qwen2.5:3b,585,37
qwen2.5:3b,586,37
qwen2.5:3b,587,100
qwen2.5:3b,588,30
qwen2.5:3b,589,83
qwen2.5:3b,590,75
qwen2.5:3b,591,100
qwen2.5:3b,592,20
qwen2.5:3b,593,100
qwen2.5:3b,594,20
qwen2.5:3b,595,80
qwen2.5:3b,596,85
qwen2.5:3b,597,95
qwen2.5:3b,598,20
qwen2.5:3b,599,100
qwen2.5:3b,600,78
qwen2.5:3b,601,57
qwen2.5:3b,602,90
qwen2.5:3b,603,0
qwen2.5:3b,604,14
qwen2.5:3b,605,83
qwen2.5:3b,606,94
qwen2.5:3b,607,29
qwen2.5:3b,608,49
qwen2.5:3b,609,37
qwen2.5:3b,610,48
qwen2.5:3b,611,100
qwen2.5:3b,612,37
qwen2.5:3b,613,70
qwen2.5:3b,614,90
qwen2.5:3b,615,100
qwen2.5:3b,616,57
qwen2.5:3b,617,21
qwen2.5:3b,618,37
qwen2.5:3b,619,90
qwen2.5:3b,620,24
qwen2.5:3b,621,47
qwen2.5:3b,622,16
qwen2.5:3b,623,37
qwen2.5:3b,624,80
qwen2.5:3b,625,100
qwen2.5:3b,626,32
qwen2.5:3b,627,47
qwen2.5:3b,628,75
qwen2.5:3b,629,0
qwen2.5:3b,630,70
qwen2.5:3b,631,30
qwen2.5:3b,632,70
qwen2.5:3b,633,30
qwen2.5:3b,634,90
qwen2.5:3b,635,30
qwen2.5:3b,636,89
qwen2.5:3b,637,100
qwen2.5:3b,638,100
qwen2.5:3b,639,37
qwen2.5:3b,640,83
qwen2.5:3b,641,100
qwen2.5:3b,642,50
qwen2.5:3b,643,5
qwen2.5:3b,644,37
qwen2.5:3b,645,49
qwen2.5:3b,646,70
qwen2.5:3b,647,40
qwen2.5:3b,648,70
qwen2.5:3b,649,100
qwen2.5:3b,650,42
qwen2.5:3b,651,100
qwen2.5:3b,652,37
qwen2.5:3b,653,37
qwen2.5:3b,654,30
qwen2.5:3b,655,14
qwen2.5:3b,656,100
qwen2.5:3b,657,27
qwen2.5:3b,658,85
qwen2.5:3b,659,20
qwen2.5:3b,660,100
qwen2.5:3b,661,14
qwen2.5:3b,662,85
qwen2.5:3b,663,100
qwen2.5:3b,664,100
qwen2.5:3b,665,80
qwen2.5:3b,666,70
qwen2.5:3b,667,87
qwen2.5:3b,668,47
qwen2.5:3b,669,80
qwen2.5:3b,670,100
qwen2.5:3b,671,75
qwen2.5:3b,672,27
qwen2.5:3b,673,81
qwen2.5:3b,674,70
qwen2.5:3b,675,40
qwen2.5:3b,676,20
qwen2.5:3b,677,80
qwen2.5:3b,678,27
qwen2.5:3b,679,47
qwen2.5:3b,680,27
qwen2.5:3b,681,100
qwen2.5:3b,682,87
qwen2.5:3b,683,100
qwen2.5:3b,684,47
qwen2.5:3b,685,20
qwen2.5:3b,686,21
qwen2.5:3b,687,100
qwen2.5:3b,688,90
qwen2.5:3b,689,100
qwen2.5:3b,690,100
qwen2.5:3b,691,95
qwen2.5:3b,692,70
qwen2.5:3b,693,60
qwen2.5:3b,694,47
qwen2.5:3b,695,20
qwen2.5:3b,696,80
qwen2.5:3b,697,72
qwen2.5:3b,698,97
qwen2.5:3b,699,100
qwen2.5:3b,700,100
qwen2.5:3b,701,27
qwen2.5:3b,702,37
qwen2.5:3b,703,47
qwen2.5:3b,704,100
qwen2.5:3b,705,10
qwen2.5:3b,706,21
qwen2.5:3b,707,17
qwen2.5:3b,708,40
qwen2.5:3b,709,100
qwen2.5:3b,710,30
qwen2.5:3b,711,100
qwen2.5:3b,712,100
qwen2.5:3b,713,87
qwen2.5:3b,714,30
qwen2.5:3b,715,70
qwen2.5:3b,716,100
qwen2.5:3b,717,100
qwen2.5:3b,718,90
qwen2.5:3b,719,85
qwen2.5:3b,720,100
qwen2.5:3b,721,100
qwen2.5:3b,722,50
qwen2.5:3b,723,47
qwen2.5:3b,724,100
qwen2.5:3b,725,100
qwen2.5:3b,726,54
qwen2.5:3b,727,85
qwen2.5:3b,728,30
qwen2.5:3b,729,30
qwen2.5:3b,730,100
qwen2.5:3b,731,100
qwen2.5:3b,732,80
qwen2.5:3b,733,56
qwen2.5:3b,734,80
qwen2.5:3b,735,90
qwen2.5:3b,736,100
qwen2.5:3b,737,100
qwen2.5:3b,738,100
qwen2.5:3b,739,16
qwen2.5:3b,740,47
qwen2.5:3b,741,75
qwen2.5:3b,742,83
qwen2.5:3b,743,30
qwen2.5:3b,744,100
qwen2.5:3b,745,100
qwen2.5:3b,746,100
qwen2.5:3b,747,87
qwen2.5:3b,748,80
qwen2.5:3b,749,30
qwen2.5:3b,750,29
qwen2.5:3b,751,100
qwen2.5:3b,752,27
qwen2.5:3b,753,47
qwen2.5:3b,754,100
qwen2.5:3b,755,100
qwen2.5:3b,756,20
qwen2.5:3b,757,0
qwen2.5:3b,758,80
qwen2.5:3b,759,100
qwen2.5:3b,760,100
qwen2.5:3b,761,100
qwen2.5:3b,762,47
qwen2.5:3b,763,87
qwen2.5:3b,764,100
qwen2.5:3b,765,85
qwen2.5:3b,766,100
qwen2.5:3b,767,100
qwen2.5:3b,768,37
qwen2.5:3b,769,72
qwen2.5:3b,770,100
qwen2.5:3b,771,40
qwen2.5:3b,772,100
qwen2.5:3b,773,80
qwen2.5:3b,774,80
qwen2.5:3b,775,100
qwen2.5:3b,776,95
qwen2.5:3b,777,90
qwen2.5:3b,778,80
qwen2.5:3b,779,70
qwen2.5:3b,780,70
qwen2.5:3b,781,100
qwen2.5:3b,782,19
qwen2.5:3b,783,85
qwen2.5:3b,784,87
qwen2.5:3b,785,33
qwen2.5:3b,786,100
qwen2.5:3b,787,21
qwen2.5:3b,788,16
qwen2.5:3b,789,100
qwen2.5:3b,790,47
qwen2.5:3b,791,54
qwen2.5:3b,792,30
qwen2.5:3b,793,100
qwen2.5:3b,794,37
qwen2.5:3b,795,47
qwen2.5:3b,796,20
qwen2.5:3b,797,47
qwen2.5:3b,798,100
qwen2.5:3b,799,67
qwen2.5:3b,800,80
qwen2.5:3b,801,50
qwen2.5:3b,802,100
qwen2.5:3b,803,70
qwen2.5:3b,804,47
qwen2.5:3b,805,80
qwen2.5:3b,806,13
qwen2.5:3b,807,100
qwen2.5:3b,808,100
qwen2.5:3b,809,100
qwen2.5:3b,810,87
qwen2.5:3b,811,100
qwen2.5:3b,812,29
qwen2.5:3b,813,15
qwen2.5:3b,814,25
qwen2.5:3b,815,21
qwen2.5:3b,816,100
qwen2.5:3b,817,100
qwen2.5:3b,818,87
qwen2.5:3b,819,20
qwen2.5:3b,820,100
qwen2.5:3b,821,100
qwen2.5:3b,822,82
qwen2.5:3b,823,100
qwen2.5:3b,824,90
qwen2.5:3b,825,60
qwen2.5:3b,826,37
qwen2.5:3b,827,100
qwen2.5:3b,828,47
qwen2.5:3b,829,20
qwen2.5:3b,830,47
qwen2.5:3b,831,30
qwen2.5:3b,832,82
qwen2.5:3b,833,82
qwen2.5:3b,834,57
qwen2.5:3b,835,89
qwen2.5:3b,836,47
qwen2.5:3b,837,100
qwen2.5:3b,838,27
qwen2.5:3b,839,47
qwen2.5:3b,840,47
qwen2.5:3b,841,70
qwen2.5:3b,842,70
qwen2.5:3b,843,100
qwen2.5:3b,844,20
qwen2.5:3b,845,90
qwen2.5:3b,846,100
qwen2.5:3b,847,10
qwen2.5:3b,848,100
qwen2.5:3b,849,14
qwen2.5:3b,850,70
qwen2.5:3b,851,14
qwen2.5:3b,852,20
qwen2.5:3b,853,13
qwen2.5:3b,854,80
qwen2.5:3b,855,40
qwen2.5:3b,856,16
qwen2.5:3b,857,13
qwen2.5:3b,858,14
qwen2.5:3b,859,14
qwen2.5:3b,860,95
qwen2.5:3b,861,100
qwen2.5:3b,862,87
qwen2.5:3b,863,100
qwen2.5:3b,864,0
qwen2.5:3b,865,97
qwen2.5:3b,866,23
qwen2.5:3b,867,57
qwen2.5:3b,868,80
qwen2.5:3b,869,21
qwen2.5:3b,870,100
qwen2.5:3b,871,14
qwen2.5:3b,872,27
qwen2.5:3b,873,24
qwen2.5:3b,874,21
qwen2.5:3b,875,60
qwen2.5:3b,876,57
qwen2.5:3b,877,30
qwen2.5:3b,878,100
qwen2.5:3b,879,30
qwen2.5:3b,880,30
qwen2.5:3b,881,40
qwen2.5:3b,882,100
qwen2.5:3b,883,30
qwen2.5:3b,884,30
qwen2.5:3b,885,27
qwen2.5:3b,886,70
qwen2.5:3b,887,37
qwen2.5:3b,888,15
qwen2.5:3b,889,30
qwen2.5:3b,890,10
qwen2.5:3b,891,10
qwen2.5:3b,892,100
qwen2.5:3b,893,100
qwen2.5:3b,894,70
qwen2.5:3b,895,30
qwen2.5:3b,896,40
qwen2.5:3b,897,30
qwen2.5:3b,898,70
qwen2.5:3b,899,40
qwen2.5:3b,900,30
qwen2.5:3b,901,100
qwen2.5:3b,902,37
qwen2.5:3b,903,70
qwen2.5:3b,904,80
qwen2.5:3b,905,40
qwen2.5:3b,906,21
qwen2.5:3b,907,25
qwen2.5:3b,908,15
qwen2.5:3b,909,27
qwen2.5:3b,910,70
qwen2.5:3b,911,30
qwen2.5:3b,912,90
qwen2.5:3b,913,60
qwen2.5:3b,914,20
qwen2.5:3b,915,27
qwen2.5:3b,916,15
qwen2.5:3b,917,80
qwen2.5:3b,918,30
qwen2.5:3b,919,47
qwen2.5:3b,920,47
qwen2.5:3b,921,100
qwen2.5:3b,922,50
qwen2.5:3b,923,100
qwen2.5:3b,924,13
qwen2.5:3b,925,70
qwen2.5:3b,926,100
qwen2.5:3b,927,40
qwen2.5:3b,928,40
qwen2.5:3b,929,17
qwen2.5:3b,930,57
qwen2.5:3b,931,17
qwen2.5:3b,932,47
qwen2.5:3b,933,80
qwen2.5:3b,934,65
qwen2.5:3b,935,40
qwen2.5:3b,936,37
qwen2.5:3b,937,37
qwen2.5:3b,938,30
qwen2.5:3b,939,100
qwen2.5:3b,940,100
qwen2.5:3b,941,100
qwen2.5:3b,942,100
qwen2.5:3b,943,100
qwen2.5:3b,944,47
qwen2.5:3b,945,80
qwen2.5:3b,946,100
qwen2.5:3b,947,69
qwen2.5:3b,948,47
qwen2.5:3b,949,85
qwen2.5:3b,950,100
qwen2.5:3b,951,82
qwen2.5:3b,952,80
qwen2.5:3b,953,70
qwen2.5:3b,954,90
qwen2.5:3b,955,20
qwen2.5:3b,956,60
qwen2.5:3b,957,40
qwen2.5:3b,958,16
qwen2.5:3b,959,100
qwen2.5:3b,960,100
qwen2.5:3b,961,100
qwen2.5:3b,962,100
qwen2.5:3b,963,100
qwen2.5:3b,964,89
qwen2.5:3b,965,17
qwen2.5:3b,966,100
qwen2.5:3b,967,60
qwen2.5:3b,968,100
qwen2.5:3b,969,90
qwen2.5:3b,970,100
qwen2.5:3b,971,15
qwen2.5:3b,972,14
qwen2.5:3b,973,10
qwen2.5:3b,974,30
qwen2.5:3b,975,70
qwen2.5:3b,976,100
qwen2.5:3b,977,21
qwen2.5:3b,978,5
qwen2.5:3b,979,37
qwen2.5:3b,980,100
qwen2.5:3b,981,100
qwen2.5:3b,982,10
qwen2.5:3b,983,21
qwen2.5:3b,984,100
qwen2.5:3b,985,37
qwen2.5:3b,986,20
qwen2.5:3b,987,100
qwen2.5:3b,988,30
qwen2.5:3b,989,16
qwen2.5:3b,990,100
qwen2.5:3b,991,14
qwen2.5:3b,992,80
qwen2.5:3b,993,100
qwen2.5:3b,994,30
qwen2.5:3b,995,70
qwen2.5:3b,996,21
qwen2.5:3b,997,20
qwen2.5:3b,998,37
qwen2.5:3b,999,25
qwen2.5:3b,1000,10
qwen2.5:3b,1001,70
qwen2.5:3b,1002,18
qwen2.5:3b,1003,86
qwen2.5:3b,1004,16
qwen2.5:3b,1005,100
qwen2.5:3b,1006,100
qwen2.5:3b,1007,30
qwen2.5:3b,1008,70
qwen2.5:3b,1009,27
qwen2.5:3b,1010,70
qwen2.5:3b,1011,90
qwen2.5:3b,1012,100
qwen2.5:3b,1013,85
qwen2.5:3b,1014,10
qwen2.5:3b,1015,100
qwen2.5:3b,1016,100
qwen2.5:3b,1017,36
qwen2.5:3b,1018,15
qwen2.5:3b,1019,100
qwen2.5:3b,1020,17
qwen2.5:3b,1021,100
qwen2.5:3b,1022,47
qwen2.5:3b,1023,10
qwen2.5:3b,1024,47
qwen2.5:3b,1025,17
qwen2.5:3b,1026,100
qwen2.5:3b,1027,21
qwen2.5:3b,1028,70
qwen2.5:3b,1029,57
qwen2.5:3b,1030,80
qwen2.5:3b,1031,21
qwen2.5:3b,1032,42
qwen2.5:3b,1033,70
qwen2.5:3b,1034,72
qwen2.5:3b,1035,100
qwen2.5:3b,1036,100
qwen2.5:3b,1037,50
qwen2.5:3b,1038,92
qwen2.5:3b,1039,27
qwen2.5:3b,1040,20
qwen2.5:3b,1041,70
qwen2.5:3b,1042,60
qwen2.5:3b,1043,37
qwen2.5:3b,1044,90
qwen2.5:3b,1045,47
qwen2.5:3b,1046,100
qwen2.5:3b,1047,20
qwen2.5:3b,1048,40
qwen2.5:3b,1049,100
qwen2.5:3b,1050,20
qwen2.5:3b,1051,100
qwen2.5:3b,1052,98
qwen2.5:3b,1053,14
qwen2.5:3b,1054,40
qwen2.5:3b,1055,23
qwen2.5:3b,1056,42
qwen2.5:3b,1057,47
qwen2.5:3b,1058,14
qwen2.5:3b,1059,27
qwen2.5:3b,1060,20
qwen2.5:3b,1061,80
qwen2.5:3b,1062,21
qwen2.5:3b,1063,27
qwen2.5:3b,1064,27
qwen2.5:3b,1065,30
qwen2.5:3b,1066,25
qwen2.5:3b,1067,47
qwen2.5:3b,1068,60
qwen2.5:3b,1069,47
qwen2.5:3b,1070,37
qwen2.5:3b,1071,40
qwen2.5:3b,1072,100
qwen2.5:3b,1073,21
qwen2.5:3b,1074,20
qwen2.5:3b,1075,20
qwen2.5:3b,1076,16
qwen2.5:3b,1077,100
qwen2.5:3b,1078,30
qwen2.5:3b,1079,47
qwen2.5:3b,1080,70
qwen2.5:3b,1081,27
qwen2.5:3b,1082,80
qwen2.5:3b,1083,47
qwen2.5:3b,1084,21
qwen2.5:3b,1085,47
qwen2.5:3b,1086,70
qwen2.5:3b,1087,80
qwen2.5:3b,1088,80
qwen2.5:3b,1089,100
qwen2.5:3b,1090,100
qwen2.5:3b,1091,90
qwen2.5:3b,1092,100
qwen2.5:3b,1093,80
qwen2.5:3b,1094,25
qwen2.5:3b,1095,50
qwen2.5:3b,1096,27
qwen2.5:3b,1097,49
qwen2.5:3b,1098,100
qwen2.5:3b,1099,37
qwen2.5:3b,1100,100
qwen2.5:3b,1101,30
qwen2.5:3b,1102,15
qwen2.5:3b,1103,100
qwen2.5:3b,1104,27
qwen2.5:3b,1105,90
qwen2.5:3b,1106,27
qwen2.5:3b,1107,14
qwen2.5:3b,1108,37
qwen2.5:3b,1109,100
qwen2.5:3b,1110,77
qwen2.5:3b,1111,37
qwen2.5:3b,1112,30
qwen2.5:3b,1113,70
qwen2.5:3b,1114,100
qwen2.5:3b,1115,70
qwen2.5:3b,1116,100
qwen2.5:3b,1117,55
qwen2.5:3b,1118,30
qwen2.5:3b,1119,70
qwen2.5:3b,1120,37
qwen2.5:3b,1121,80
qwen2.5:3b,1122,30
qwen2.5:3b,1123,37
qwen2.5:3b,1124,100
qwen2.5:3b,1125,95
qwen2.5:3b,1126,25
qwen2.5:3b,1127,100
qwen2.5:3b,1128,70
qwen2.5:3b,1129,37
qwen2.5:3b,1130,20
qwen2.5:3b,1131,70
qwen2.5:3b,1132,70
qwen2.5:3b,1133,37
qwen2.5:3b,1134,70
qwen2.5:3b,1135,30
qwen2.5:3b,1136,100
qwen2.5:3b,1137,14
qwen2.5:3b,1138,18
qwen2.5:3b,1139,30
qwen2.5:3b,1140,70
qwen2.5:3b,1141,20
qwen2.5:3b,1142,70
qwen2.5:3b,1143,30
qwen2.5:3b,1144,37
qwen2.5:3b,1145,70
qwen2.5:3b,1146,16
qwen2.5:3b,1147,20
qwen2.5:3b,1148,21
qwen2.5:3b,1149,50
qwen2.5:3b,1150,70
qwen2.5:3b,1151,15
qwen2.5:3b,1152,24
qwen2.5:3b,1153,15
qwen2.5:3b,1154,20
qwen2.5:3b,1155,100
qwen2.5:3b,1156,16
qwen2.5:3b,1157,16
qwen2.5:3b,1158,15
qwen2.5:3b,1159,13
qwen2.5:3b,1160,100
qwen2.5:3b,1161,100
qwen2.5:3b,1162,82
qwen2.5:3b,1163,100
qwen2.5:3b,1164,70
qwen2.5:3b,1165,37
qwen2.5:3b,1166,100
qwen2.5:3b,1167,100
qwen2.5:3b,1168,70
qwen2.5:3b,1169,83
qwen2.5:3b,1170,100
qwen2.5:3b,1171,47
qwen2.5:3b,1172,14
qwen2.5:3b,1173,40
qwen2.5:3b,1174,16
qwen2.5:3b,1175,30
qwen2.5:3b,1176,90
qwen2.5:3b,1177,80
qwen2.5:3b,1178,57
qwen2.5:3b,1179,100
qwen2.5:3b,1180,30
qwen2.5:3b,1181,100
qwen2.5:3b,1182,50
qwen2.5:3b,1183,70
qwen2.5:3b,1184,100
qwen2.5:3b,1185,100
qwen2.5:3b,1186,21
qwen2.5:3b,1187,10
qwen2.5:3b,1188,42
qwen2.5:3b,1189,70
qwen2.5:3b,1190,100
qwen2.5:3b,1191,50
qwen2.5:3b,1192,27
qwen2.5:3b,1193,63
qwen2.5:3b,1194,100
qwen2.5:3b,1195,47
qwen2.5:3b,1196,30
qwen2.5:3b,1197,27
qwen2.5:3b,1198,0
qwen2.5:3b,1199,57
qwen2.5:3b,1200,70
qwen2.5:3b,1201,20
qwen2.5:3b,1202,10
qwen2.5:3b,1203,10
qwen2.5:3b,1204,17
qwen2.5:3b,1205,80
qwen2.5:3b,1206,20
qwen2.5:3b,1207,10
qwen2.5:3b,1208,70
qwen2.5:3b,1209,60
qwen2.5:3b,1210,100
qwen2.5:3b,1211,57
qwen2.5:3b,1212,100
qwen2.5:3b,1213,15
qwen2.5:3b,1214,100
qwen2.5:3b,1215,70
qwen2.5:3b,1216,15
qwen2.5:3b,1217,37
qwen2.5:3b,1218,100
qwen2.5:3b,1219,80
qwen2.5:3b,1220,70
qwen2.5:3b,1221,0
qwen2.5:3b,1222,5
qwen2.5:3b,1223,30
qwen2.5:3b,1224,100
qwen2.5:3b,1225,70
qwen2.5:3b,1226,100
qwen2.5:3b,1227,70
qwen2.5:3b,1228,20
qwen2.5:3b,1229,82
qwen2.5:3b,1230,100
qwen2.5:3b,1231,30
qwen2.5:3b,1232,53
qwen2.5:3b,1233,37
qwen2.5:3b,1234,37
qwen2.5:3b,1235,14
qwen2.5:3b,1236,70
qwen2.5:3b,1237,20
qwen2.5:3b,1238,87
qwen2.5:3b,1239,0
qwen2.5:3b,1240,25
qwen2.5:3b,1241,100
qwen2.5:3b,1242,100
qwen2.5:3b,1243,23
qwen2.5:3b,1244,46
qwen2.5:3b,1245,87
qwen2.5:3b,1246,100
qwen2.5:3b,1247,100
qwen2.5:3b,1248,37
qwen2.5:3b,1249,70
qwen2.5:3b,1250,82
qwen2.5:3b,1251,0
qwen2.5:3b,1252,70
qwen2.5:3b,1253,93
qwen2.5:3b,1254,100
qwen2.5:3b,1255,70
qwen2.5:3b,1256,100
qwen2.5:3b,1257,27
qwen2.5:3b,1258,100
qwen2.5:3b,1259,13
qwen2.5:3b,1260,17
qwen2.5:3b,1261,100
qwen2.5:3b,1262,100
qwen2.5:3b,1263,15
qwen2.5:3b,1264,100
qwen2.5:3b,1265,40
qwen2.5:3b,1266,27
qwen2.5:3b,1267,10
qwen2.5:3b,1268,70
qwen2.5:3b,1269,30
qwen2.5:3b,1270,30
qwen2.5:3b,1271,70
qwen2.5:3b,1272,100
qwen2.5:3b,1273,27
qwen2.5:3b,1274,27
qwen2.5:3b,1275,30
qwen2.5:3b,1276,70
qwen2.5:3b,1277,37
qwen2.5:3b,1278,37
qwen2.5:3b,1279,100
qwen2.5:3b,1280,40
qwen2.5:3b,1281,20
qwen2.5:3b,1282,42
qwen2.5:3b,1283,80
qwen2.5:3b,1284,47
qwen2.5:3b,1285,14
qwen2.5:3b,1286,100
qwen2.5:3b,1287,100
qwen2.5:3b,1288,100
qwen2.5:3b,1289,100
qwen2.5:3b,1290,50
qwen2.5:3b,1291,100
qwen2.5:3b,1292,94
qwen2.5:3b,1293,37
qwen2.5:3b,1294,100
qwen2.5:3b,1295,21
qwen2.5:3b,1296,21
qwen2.5:3b,1297,100
qwen2.5:3b,1298,47
qwen2.5:3b,1299,40
qwen2.5:3b,1300,100
qwen2.5:3b,1301,90
qwen2.5:3b,1302,100
qwen2.5:3b,1303,17
qwen2.5:3b,1304,70
qwen2.5:3b,1305,80
qwen2.5:3b,1306,100
qwen2.5:3b,1307,100
qwen2.5:3b,1308,30
qwen2.5:3b,1309,100
qwen2.5:3b,1310,100
qwen2.5:3b,1311,80
qwen2.5:3b,1312,70
qwen2.5:3b,1313,80
qwen2.5:3b,1314,21
qwen2.5:3b,1315,30
qwen2.5:3b,1316,15
qwen2.5:3b,1317,30
qwen2.5:3b,1318,10
qwen2.5:3b,1319,100
qwen2.5:3b,1320,100
qwen2.5:3b,1321,20
qwen2.5:3b,1322,20
qwen2.5:3b,1323,37
qwen2.5:3b,1324,14
qwen2.5:3b,1325,80
qwen2.5:3b,1326,18
qwen2.5:3b,1327,30
qwen2.5:3b,1328,15
qwen2.5:3b,1329,47
qwen2.5:3b,1330,87
qwen2.5:3b,1331,20
qwen2.5:3b,1332,100
qwen2.5:3b,1333,49
qwen2.5:3b,1334,30
qwen2.5:3b,1335,82
qwen2.5:3b,1336,70
qwen2.5:3b,1337,80
qwen2.5:3b,1338,15
qwen2.5:3b,1339,70
qwen2.5:3b,1340,100
qwen2.5:3b,1341,15
qwen2.5:3b,1342,30
qwen2.5:3b,1343,30
qwen2.5:3b,1344,100
qwen2.5:3b,1345,90
qwen2.5:3b,1346,62
qwen2.5:3b,1347,100
qwen2.5:3b,1348,20
qwen2.5:3b,1349,35
qwen2.5:3b,1350,20
qwen2.5:3b,1351,100
qwen2.5:3b,1352,85
qwen2.5:3b,1353,89
qwen2.5:3b,1354,87
qwen2.5:3b,1355,47
qwen2.5:3b,1356,67
qwen2.5:3b,1357,100
qwen2.5:3b,1358,100
qwen2.5:3b,1359,70
qwen2.5:3b,1360,32
qwen2.5:3b,1361,47
qwen2.5:3b,1362,37
qwen2.5:3b,1363,60
qwen2.5:3b,1364,83
qwen2.5:3b,1365,16
qwen2.5:3b,1366,30
qwen2.5:3b,1367,40
qwen2.5:3b,1368,84
qwen2.5:3b,1369,27
qwen2.5:3b,1370,10
qwen2.5:3b,1371,27
qwen2.5:3b,1372,14
qwen2.5:3b,1373,37
qwen2.5:3b,1374,35
qwen2.5:3b,1375,17
qwen2.5:3b,1376,100
qwen2.5:3b,1377,100
qwen2.5:3b,1378,70
qwen2.5:3b,1379,10
qwen2.5:3b,1380,37
qwen2.5:3b,1381,67
qwen2.5:3b,1382,100
qwen2.5:3b,1383,90
qwen2.5:3b,1384,95
qwen2.5:3b,1385,25
qwen2.5:3b,1386,12
qwen2.5:3b,1387,37
qwen2.5:3b,1388,85
qwen2.5:3b,1389,37
qwen2.5:3b,1390,87
qwen2.5:3b,1391,34
qwen2.5:3b,1392,16
qwen2.5:3b,1393,100
qwen2.5:3b,1394,100
qwen2.5:3b,1395,100
qwen2.5:3b,1396,90
qwen2.5:3b,1397,100
qwen2.5:3b,1398,85
qwen2.5:3b,1399,30
qwen2.5:3b,1400,75
qwen2.5:3b,1401,47
qwen2.5:3b,1402,47
qwen2.5:3b,1403,100
qwen2.5:3b,1404,20
qwen2.5:3b,1405,100
qwen2.5:3b,1406,80
qwen2.5:3b,1407,27
qwen2.5:3b,1408,100
qwen2.5:3b,1409,20
qwen2.5:3b,1410,20
qwen2.5:3b,1411,47
qwen2.5:3b,1412,20
qwen2.5:3b,1413,20
qwen2.5:3b,1414,30
qwen2.5:3b,1415,100
qwen2.5:3b,1416,100
qwen2.5:3b,1417,57
qwen2.5:3b,1418,27
qwen2.5:3b,1419,21
qwen2.5:3b,1420,37
qwen2.5:3b,1421,17
qwen2.5:3b,1422,50
qwen2.5:3b,1423,100
qwen2.5:3b,1424,100
qwen2.5:3b,1425,100
qwen2.5:3b,1426,30
qwen2.5:3b,1427,70
qwen2.5:3b,1428,15
qwen2.5:3b,1429,15
qwen2.5:3b,1430,21
qwen2.5:3b,1431,14
qwen2.5:3b,1432,100
qwen2.5:3b,1433,47
qwen2.5:3b,1434,100
qwen2.5:3b,1435,30
qwen2.5:3b,1436,100
qwen2.5:3b,1437,40
qwen2.5:3b,1438,100
qwen2.5:3b,1439,86
qwen2.5:3b,1440,30
qwen2.5:3b,1441,100
qwen2.5:3b,1442,30
qwen2.5:3b,1443,37
qwen2.5:3b,1444,100
qwen2.5:3b,1445,27
qwen2.5:3b,1446,37
qwen2.5:3b,1447,49
qwen2.5:3b,1448,37
qwen2.5:3b,1449,47
qwen2.5:3b,1450,79
qwen2.5:3b,1451,21
qwen2.5:3b,1452,27
qwen2.5:3b,1453,100
qwen2.5:3b,1454,100
qwen2.5:3b,1455,100
qwen2.5:3b,1456,77
qwen2.5:3b,1457,50
qwen2.5:3b,1458,100
qwen2.5:3b,1459,70
qwen2.5:3b,1460,100
qwen2.5:3b,1461,70
qwen2.5:3b,1462,67
qwen2.5:3b,1463,47
qwen2.5:3b,1464,40
qwen2.5:3b,1465,70
qwen2.5:3b,1466,80
qwen2.5:3b,1467,57
qwen2.5:3b,1468,15
qwen2.5:3b,1469,57
qwen2.5:3b,1470,16
qwen2.5:3b,1471,100
qwen2.5:3b,1472,100
qwen2.5:3b,1473,100
qwen2.5:3b,1474,100
qwen2.5:3b,1475,100
qwen2.5:3b,1476,47
qwen2.5:3b,1477,21
qwen2.5:3b,1478,30
qwen2.5:3b,1479,100
qwen2.5:3b,1480,100
qwen2.5:3b,1481,13
qwen2.5:3b,1482,30
qwen2.5:3b,1483,25
qwen2.5:3b,1484,57
qwen2.5:3b,1485,14
qwen2.5:3b,1486,39
qwen2.5:3b,1487,37
qwen2.5:3b,1488,21
qwen2.5:3b,1489,70
qwen2.5:3b,1490,70
qwen2.5:3b,1491,100
qwen2.5:3b,1492,45
qwen2.5:3b,1493,45
qwen2.5:3b,1494,17
qwen2.5:3b,1495,70
qwen2.5:3b,1496,13
qwen2.5:3b,1497,47
qwen2.5:3b,1498,17
qwen2.5:3b,1499,47
qwen2.5:3b,1500,47
qwen2.5:3b,1501,13
qwen2.5:3b,1502,21
qwen2.5:3b,1503,21
qwen2.5:3b,1504,100
qwen2.5:3b,1505,70
qwen2.5:3b,1506,70
qwen2.5:3b,1507,21
qwen2.5:3b,1508,21
qwen2.5:3b,1509,45
qwen2.5:3b,1510,100
qwen2.5:3b,1511,100
qwen2.5:3b,1512,21
qwen2.5:3b,1513,50
qwen2.5:3b,1514,37
qwen2.5:3b,1515,30
qwen2.5:3b,1516,37
qwen2.5:3b,1517,75
qwen2.5:3b,1518,14
qwen2.5:3b,1519,85
qwen2.5:3b,1520,100
qwen2.5:3b,1521,21
qwen2.5:3b,1522,37
qwen2.5:3b,1523,90
qwen2.5:3b,1524,100
qwen2.5:3b,1525,17
qwen2.5:3b,1526,100
qwen2.5:3b,1527,85
qwen2.5:3b,1528,100
qwen2.5:3b,1529,37
qwen2.5:3b,1530,100
qwen2.5:3b,1531,100
qwen2.5:3b,1532,100
qwen2.5:3b,1533,67
qwen2.5:3b,1534,30
qwen2.5:3b,1535,23
qwen2.5:3b,1536,37
qwen2.5:3b,1537,100
qwen2.5:3b,1538,30
qwen2.5:3b,1539,100
qwen2.5:3b,1540,37
qwen2.5:3b,1541,14
qwen2.5:3b,1542,100
qwen2.5:3b,1543,42
qwen2.5:3b,1544,30
qwen2.5:3b,1545,10
qwen2.5:3b,1546,60
qwen2.5:3b,1547,70
qwen2.5:3b,1548,57
qwen2.5:3b,1549,100
qwen2.5:3b,1550,25
qwen2.5:3b,1551,100
qwen2.5:3b,1552,100
qwen2.5:3b,1553,37
qwen2.5:3b,1554,100
qwen2.5:3b,1555,40
qwen2.5:3b,1556,85
qwen2.5:3b,1557,37
qwen2.5:3b,1558,27
qwen2.5:3b,1559,100
qwen2.5:3b,1560,90
qwen2.5:3b,1561,30
qwen2.5:3b,1562,70
qwen2.5:3b,1563,21
qwen2.5:3b,1564,30
qwen2.5:3b,1565,27
qwen2.5:3b,1566,86
qwen2.5:3b,1567,27
qwen2.5:3b,1568,47
qwen2.5:3b,1569,30
qwen2.5:3b,1570,21
qwen2.5:3b,1571,37
qwen2.5:3b,1572,100
qwen2.5:3b,1573,100
qwen2.5:3b,1574,80
qwen2.5:3b,1575,37
qwen2.5:3b,1576,16
qwen2.5:3b,1577,30
qwen2.5:3b,1578,30
qwen2.5:3b,1579,100
qwen2.5:3b,1580,30
qwen2.5:3b,1581,21
qwen2.5:3b,1582,100
qwen2.5:3b,1583,37
qwen2.5:3b,1584,47
qwen2.5:3b,1585,90
qwen2.5:3b,1586,100
qwen2.5:3b,1587,57
qwen2.5:3b,1588,70
qwen2.5:3b,1589,27
qwen2.5:3b,1590,12
qwen2.5:3b,1591,100
qwen2.5:3b,1592,100
qwen2.5:3b,1593,21
qwen2.5:3b,1594,20
qwen2.5:3b,1595,27
qwen2.5:3b,1596,27
qwen2.5:3b,1597,100
qwen2.5:3b,1598,27
qwen2.5:3b,1599,100
qwen2.5:3b,1600,20
qwen2.5:3b,1601,100
qwen2.5:3b,1602,30
qwen2.5:3b,1603,39
qwen2.5:3b,1604,21
qwen2.5:3b,1605,80
qwen2.5:3b,1606,20
qwen2.5:3b,1607,21
qwen2.5:3b,1608,100
qwen2.5:3b,1609,57
qwen2.5:3b,1610,50
qwen2.5:3b,1611,100
qwen2.5:3b,1612,20
qwen2.5:3b,1613,70
qwen2.5:3b,1614,100
qwen2.5:3b,1615,85
qwen2.5:3b,1616,100
qwen2.5:3b,1617,47
qwen2.5:3b,1618,30
qwen2.5:3b,1619,47
qwen2.5:3b,1620,100
qwen2.5:3b,1621,100
qwen2.5:3b,1622,97
qwen2.5:3b,1623,17
qwen2.5:3b,1624,30
qwen2.5:3b,1625,21
qwen2.5:3b,1626,21
qwen2.5:3b,1627,47
qwen2.5:3b,1628,57
qwen2.5:3b,1629,100
qwen2.5:3b,1630,60
qwen2.5:3b,1631,70
qwen2.5:3b,1632,90
qwen2.5:3b,1633,47
qwen2.5:3b,1634,27
qwen2.5:3b,1635,30
qwen2.5:3b,1636,80
qwen2.5:3b,1637,70
qwen2.5:3b,1638,21
qwen2.5:3b,1639,14
qwen2.5:3b,1640,40
qwen2.5:3b,1641,100
qwen2.5:3b,1642,100
qwen2.5:3b,1643,37
qwen2.5:3b,1644,87
qwen2.5:3b,1645,37
qwen2.5:3b,1646,70
qwen2.5:3b,1647,100
qwen2.5:3b,1648,47
qwen2.5:3b,1649,30
qwen2.5:3b,1650,13
qwen2.5:3b,1651,27
qwen2.5:3b,1652,100
qwen2.5:3b,1653,70
qwen2.5:3b,1654,85
qwen2.5:3b,1655,30
qwen2.5:3b,1656,25
qwen2.5:3b,1657,21
qwen2.5:3b,1658,100
qwen2.5:3b,1659,100
qwen2.5:3b,1660,30
qwen2.5:3b,1661,70
qwen2.5:3b,1662,30
qwen2.5:3b,1663,37
qwen2.5:3b,1664,37
qwen2.5:3b,1665,40
qwen2.5:3b,1666,100
qwen2.5:3b,1667,24
qwen2.5:3b,1668,13
qwen2.5:3b,1669,100
qwen2.5:3b,1670,20
qwen2.5:3b,1671,75
qwen2.5:3b,1672,47
qwen2.5:3b,1673,100
qwen2.5:3b,1674,14
qwen2.5:3b,1675,20
qwen2.5:3b,1676,80
qwen2.5:3b,1677,15
qwen2.5:3b,1678,21
qwen2.5:3b,1679,8
qwen2.5:3b,1680,25
qwen2.5:3b,1681,20
qwen2.5:3b,1682,37
qwen2.5:3b,1683,67
qwen2.5:3b,1684,100
qwen2.5:3b,1685,8
qwen2.5:3b,1686,47
qwen2.5:3b,1687,10
qwen2.5:3b,1688,25
qwen2.5:3b,1689,100
qwen2.5:3b,1690,47
qwen2.5:3b,1691,20
qwen2.5:3b,1692,37
qwen2.5:3b,1693,37
qwen2.5:3b,1694,37
qwen2.5:3b,1695,37
qwen2.5:3b,1696,30
qwen2.5:3b,1697,27
qwen2.5:3b,1698,20
qwen2.5:3b,1699,17
qwen2.5:3b,1700,91
qwen2.5:3b,1701,67
qwen2.5:3b,1702,85
qwen2.5:3b,1703,100
qwen2.5:3b,1704,37
qwen2.5:3b,1705,90
qwen2.5:3b,1706,30
qwen2.5:3b,1707,100
qwen2.5:3b,1708,51
qwen2.5:3b,1709,83
qwen2.5:3b,1710,100
qwen2.5:3b,1711,37
qwen2.5:3b,1712,90
qwen2.5:3b,1713,100
qwen2.5:3b,1714,37
qwen2.5:3b,1715,30
qwen2.5:3b,1716,25
qwen2.5:3b,1717,80
qwen2.5:3b,1718,20
qwen2.5:3b,1719,47
qwen2.5:3b,1720,30
qwen2.5:3b,1721,47
qwen2.5:3b,1722,70
qwen2.5:3b,1723,37
qwen2.5:3b,1724,100
qwen2.5:3b,1725,100
qwen2.5:3b,1726,40
qwen2.5:3b,1727,87
qwen2.5:3b,1728,16
qwen2.5:3b,1729,15
qwen2.5:3b,1730,100
qwen2.5:3b,1731,30
qwen2.5:3b,1732,21
qwen2.5:3b,1733,25
qwen2.5:3b,1734,23
qwen2.5:3b,1735,100
qwen2.5:3b,1736,100
qwen2.5:3b,1737,37
qwen2.5:3b,1738,40
qwen2.5:3b,1739,47
qwen2.5:3b,1740,47
qwen2.5:3b,1741,100
qwen2.5:3b,1742,100
qwen2.5:3b,1743,100
qwen2.5:3b,1744,37
qwen2.5:3b,1745,100
qwen2.5:3b,1746,80
qwen2.5:3b,1747,37
qwen2.5:3b,1748,75
qwen2.5:3b,1749,82
qwen2.5:3b,1750,100
qwen2.5:3b,1751,90
qwen2.5:3b,1752,100
qwen2.5:3b,1753,100
qwen2.5:3b,1754,10
qwen2.5:3b,1755,30
qwen2.5:3b,1756,21
qwen2.5:3b,1757,100
qwen2.5:3b,1758,100
qwen2.5:3b,1759,21
qwen2.5:3b,1760,70
qwen2.5:3b,1761,27
qwen2.5:3b,1762,100
qwen2.5:3b,1763,32
qwen2.5:3b,1764,70
qwen2.5:3b,1765,83
qwen2.5:3b,1766,100
qwen2.5:3b,1767,23
qwen2.5:3b,1768,100
qwen2.5:3b,1769,100
qwen2.5:3b,1770,100
qwen2.5:3b,1771,100
qwen2.5:3b,1772,45
qwen2.5:3b,1773,100
qwen2.5:3b,1774,100
qwen2.5:3b,1775,23
qwen2.5:3b,1776,60
qwen2.5:3b,1777,40
qwen2.5:3b,1778,30
qwen2.5:3b,1779,20
qwen2.5:3b,1780,30
qwen2.5:3b,1781,40
qwen2.5:3b,1782,16
qwen2.5:3b,1783,20
qwen2.5:3b,1784,27
qwen2.5:3b,1785,27
qwen2.5:3b,1786,100
qwen2.5:3b,1787,74
qwen2.5:3b,1788,14
qwen2.5:3b,1789,37
qwen2.5:3b,1790,0
qwen2.5:3b,1791,42
qwen2.5:3b,1792,70
qwen2.5:3b,1793,100
qwen2.5:3b,1794,55
qwen2.5:3b,1795,99
qwen2.5:3b,1796,78
qwen2.5:3b,1797,80
qwen2.5:3b,1798,25
qwen2.5:3b,1799,90
qwen2.5:3b,1800,7
qwen2.5:3b,1801,57
qwen2.5:3b,1802,20
qwen2.5:3b,1803,47
qwen2.5:3b,1804,47
qwen2.5:3b,1805,100
qwen2.5:3b,1806,45
qwen2.5:3b,1807,13
qwen2.5:3b,1808,24
qwen2.5:3b,1809,100
qwen2.5:3b,1810,21
qwen2.5:3b,1811,80
qwen2.5:3b,1812,15
qwen2.5:3b,1813,70
qwen2.5:3b,1814,75
qwen2.5:3b,1815,70
qwen2.5:3b,1816,87
qwen2.5:3b,1817,100
qwen2.5:3b,1818,100
qwen2.5:3b,1819,47
qwen2.5:3b,1820,100
qwen2.5:3b,1821,21
qwen2.5:3b,1822,20
qwen2.5:3b,1823,87
qwen2.5:3b,1824,100
qwen2.5:3b,1825,15
qwen2.5:3b,1826,90
qwen2.5:3b,1827,30
qwen2.5:3b,1828,47
qwen2.5:3b,1829,10
qwen2.5:3b,1830,21
qwen2.5:3b,1831,67
qwen2.5:3b,1832,80
qwen2.5:3b,1833,100
qwen2.5:3b,1834,90
qwen2.5:3b,1835,15
qwen2.5:3b,1836,27
qwen2.5:3b,1837,100
qwen2.5:3b,1838,100
qwen2.5:3b,1839,14
qwen2.5:3b,1840,70
qwen2.5:3b,1841,75
qwen2.5:3b,1842,10
qwen2.5:3b,1843,100
qwen2.5:3b,1844,70
qwen2.5:3b,1845,70
qwen2.5:3b,1846,100
qwen2.5:3b,1847,80
qwen2.5:3b,1848,15
qwen2.5:3b,1849,100
qwen2.5:3b,1850,17
qwen2.5:3b,1851,14
qwen2.5:3b,1852,40
qwen2.5:3b,1853,30
qwen2.5:3b,1854,27
qwen2.5:3b,1855,70
qwen2.5:3b,1856,37
qwen2.5:3b,1857,14
qwen2.5:3b,1858,100
qwen2.5:3b,1859,65
qwen2.5:3b,1860,47
qwen2.5:3b,1861,80
qwen2.5:3b,1862,80
qwen2.5:3b,1863,50
qwen2.5:3b,1864,47
qwen2.5:3b,1865,100
qwen2.5:3b,1866,37
qwen2.5:3b,1867,50
qwen2.5:3b,1868,90
qwen2.5:3b,1869,100
qwen2.5:3b,1870,37
qwen2.5:3b,1871,21
qwen2.5:3b,1872,100
qwen2.5:3b,1873,91
qwen2.5:3b,1874,37
qwen2.5:3b,1875,100
qwen2.5:3b,1876,47
qwen2.5:3b,1877,31
qwen2.5:3b,1878,57
qwen2.5:3b,1879,80
qwen2.5:3b,1880,20
qwen2.5:3b,1881,100
qwen2.5:3b,1882,100
qwen2.5:3b,1883,57
qwen2.5:3b,1884,37
qwen2.5:3b,1885,80
qwen2.5:3b,1886,100
qwen2.5:3b,1887,10
qwen2.5:3b,1888,15
qwen2.5:3b,1889,37
qwen2.5:3b,1890,21
qwen2.5:3b,1891,30
qwen2.5:3b,1892,30
qwen2.5:3b,1893,100
qwen2.5:3b,1894,85
qwen2.5:3b,1895,0
qwen2.5:3b,1896,49
qwen2.5:3b,1897,20
qwen2.5:3b,1898,87
qwen2.5:3b,1899,70
qwen2.5:3b,1900,100
qwen2.5:3b,1901,80
qwen2.5:3b,1902,37
qwen2.5:3b,1903,100
qwen2.5:3b,1904,100
qwen2.5:3b,1905,21
qwen2.5:3b,1906,37
qwen2.5:3b,1907,37
qwen2.5:3b,1908,70
qwen2.5:3b,1909,90
qwen2.5:3b,1910,76
qwen2.5:3b,1911,10
qwen2.5:3b,1912,30
qwen2.5:3b,1913,40
qwen2.5:3b,1914,30
qwen2.5:3b,1915,100
qwen2.5:3b,1916,100
qwen2.5:3b,1917,30
qwen2.5:3b,1918,30
qwen2.5:3b,1919,30
qwen2.5:3b,1920,15
qwen2.5:3b,1921,80
qwen2.5:3b,1922,23
qwen2.5:3b,1923,21
qwen2.5:3b,1924,18
qwen2.5:3b,1925,15
qwen2.5:3b,1926,70
qwen2.5:3b,1927,30
qwen2.5:3b,1928,10
qwen2.5:3b,1929,100
qwen2.5:3b,1930,14
qwen2.5:3b,1931,30
qwen2.5:3b,1932,14
qwen2.5:3b,1933,100
qwen2.5:3b,1934,37
qwen2.5:3b,1935,27
qwen2.5:3b,1936,100
qwen2.5:3b,1937,50
qwen2.5:3b,1938,63
qwen2.5:3b,1939,100
qwen2.5:3b,1940,100
qwen2.5:3b,1941,30
qwen2.5:3b,1942,57
qwen2.5:3b,1943,27
qwen2.5:3b,1944,80
qwen2.5:3b,1945,17
qwen2.5:3b,1946,47
qwen2.5:3b,1947,85
qwen2.5:3b,1948,37
qwen2.5:3b,1949,57
qwen2.5:3b,1950,85
qwen2.5:3b,1951,47
qwen2.5:3b,1952,100
qwen2.5:3b,1953,100
qwen2.5:3b,1954,100
qwen2.5:3b,1955,16
qwen2.5:3b,1956,13
qwen2.5:3b,1957,30
qwen2.5:3b,1958,21
qwen2.5:3b,1959,30
qwen2.5:3b,1960,14
qwen2.5:3b,1961,32
qwen2.5:3b,1962,40
qwen2.5:3b,1963,16
qwen2.5:3b,1964,14
qwen2.5:3b,1965,47
qwen2.5:3b,1966,20
qwen2.5:3b,1967,80
qwen2.5:3b,1968,17
qwen2.5:3b,1969,13
qwen2.5:3b,1970,70
qwen2.5:3b,1971,70
qwen2.5:3b,1972,37
qwen2.5:3b,1973,100
qwen2.5:3b,1974,27
qwen2.5:3b,1975,32
qwen2.5:3b,1976,40
qwen2.5:3b,1977,47
qwen2.5:3b,1978,100
qwen2.5:3b,1979,80
qwen2.5:3b,1980,25
qwen2.5:3b,1981,100
qwen2.5:3b,1982,47
qwen2.5:3b,1983,73
qwen2.5:3b,1984,100
qwen2.5:3b,1985,70
qwen2.5:3b,1986,21
qwen2.5:3b,1987,30
qwen2.5:3b,1988,100
qwen2.5:3b,1989,16
qwen2.5:3b,1990,30
qwen2.5:3b,1991,10
qwen2.5:3b,1992,100
qwen2.5:3b,1993,37
qwen2.5:3b,1994,100
qwen2.5:3b,1995,30
qwen2.5:3b,1996,47
qwen2.5:3b,1997,100
qwen2.5:3b,1998,100
qwen2.5:3b,1999,37
